scrape_date,types,user_pic,date_update,provinsi,kabkot,kecamatan,kelurahan,alamat,source_link
2020-09-24,kelurahan,Alfie Qashwa,2020-09-04,Jawa Tengah,Banjarnegara,Banjarmangu,Banjarkulon,,http://corona.banjarnegarakab.go.id/
2020-09-24,kelurahan,Alfie Qashwa,2020-09-04,Jawa Tengah,Banjarnegara,Banjarmangu,Banjarmangu,,http://corona.banjarnegarakab.go.id/
2020-09-24,kelurahan,Alfie Qashwa,2020-09-04,Jawa Tengah,Banjarnegara,Banjarmangu,Beji,,http://corona.banjarnegarakab.go.id/
2020-09-24,kelurahan,Alfie Qashwa,2020-09-04,Jawa Tengah,Banjarnegara,Banjarmangu,Gripit,,http://corona.banjarnegarakab.go.id/
2020-09-24,kelurahan,Alfie Qashwa,2020-09-04,Jawa Tengah,Banjarnegara,Banjarmangu,Jenggawur,,http://corona.banjarnegarakab.go.id/
2020-09-24,kelurahan,Alfie Qashwa,2020-09-04,Jawa Tengah,Banjarnegara,Banjarmangu,Kalilunjar,,http://corona.banjarnegarakab.go.id/
2020-09-24,kelurahan,Alfie Qashwa,2020-09-04,Jawa Tengah,Banjarnegara,Banjarmangu,Kendaga,,http://corona.banjarnegarakab.go.id/
2020-09-24,kelurahan,Alfie Qashwa,2020-09-04,Jawa Tengah,Banjarnegara,Banjarmangu,Kesenet,,http://corona.banjarnegarakab.go.id/
2020-09-24,kelurahan,Alfie Qashwa,2020-09-04,Jawa Tengah,Banjarnegara,Banjarmangu,Paseh,,http://corona.banjarnegarakab.go.id/
2020-09-24,kelurahan,Alfie Qashwa,2020-09-04,Jawa Tengah,Banjarnegara,Banjarmangu,Pekandangan,,http://corona.banjarnegarakab.go.id/
2020-09-24,kelurahan,Alfie Qashwa,2020-09-04,Jawa Tengah,Banjarnegara,Banjarmangu,Prendengan,,http://corona.banjarnegarakab.go.id/
2020-09-24,kelurahan,Alfie Qashwa,2020-09-04,Jawa Tengah,Banjarnegara,Banjarmangu,Rejasari,,http://corona.banjarnegarakab.go.id/
2020-09-24,kelurahan,Alfie Qashwa,2020-09-04,Jawa Tengah,Banjarnegara,Banjarmangu,Sigeblog,,http://corona.banjarnegarakab.go.id/
2020-09-24,kelurahan,Alfie Qashwa,2020-09-04,Jawa Tengah,Banjarnegara,Banjarmangu,Sijenggung,,http://corona.banjarnegarakab.go.id/
2020-09-24,kelurahan,Alfie Qashwa,2020-09-04,Jawa Tengah,Banjarnegara,Banjarmangu,Sijeruk,,http://corona.banjarnegarakab.go.id/
2020-09-24,kelurahan,Alfie Qashwa,2020-09-04,Jawa Tengah,Banjarnegara,Banjarmangu,Sipedang,,http://corona.banjarnegarakab.go.id/
2020-09-24,kelurahan,Alfie Qashwa,2020-09-04,Jawa Tengah,Banjarnegara,Banjarnegara,Ampelsari,,http://corona.banjarnegarakab.go.id/
2020-09-24,kelurahan,Alfie Qashwa,2020-09-04,Jawa Tengah,Banjarnegara,Banjarnegara,Argasoka,,http://corona.banjarnegarakab.go.id/
2020-09-24,kelurahan,Alfie Qashwa,2020-09-04,Jawa Tengah,Banjarnegara,Banjarnegara,Cendana,,http://corona.banjarnegarakab.go.id/
2020-09-24,kelurahan,Alfie Qashwa,2020-09-04,Jawa Tengah,Banjarnegara,Banjarnegara,Karangtengah,,http://corona.banjarnegarakab.go.id/
2020-09-24,kelurahan,Alfie Qashwa,2020-09-04,Jawa Tengah,Banjarnegara,Banjarnegara,Krandegan,,http://corona.banjarnegarakab.go.id/
2020-09-24,kelurahan,Alfie Qashwa,2020-09-04,Jawa Tengah,Banjarnegara,Banjarnegara,Kutabanjarnegara,,http://corona.banjarnegarakab.go.id/
2020-09-24,kelurahan,Alfie Qashwa,2020-09-04,Jawa Tengah,Banjarnegara,Banjarnegara,Parakancanggah,,http://corona.banjarnegarakab.go.id/
2020-09-24,kelurahan,Alfie Qashwa,2020-09-04,Jawa Tengah,Banjarnegara,Banjarnegara,Semampir,,http://corona.banjarnegarakab.go.id/
2020-09-24,kelurahan,Alfie Qashwa,2020-09-04,Jawa Tengah,Banjarnegara,Banjarnegara,Semarang,,http://corona.banjarnegarakab.go.id/
2020-09-24,kelurahan,Alfie Qashwa,2020-09-04,Jawa Tengah,Banjarnegara,Banjarnegara,Sokanandi,,http://corona.banjarnegarakab.go.id/
2020-09-24,kelurahan,Alfie Qashwa,2020-09-04,Jawa Tengah,Banjarnegara,Banjarnegara,Sokayasa,,http://corona.banjarnegarakab.go.id/
2020-09-24,kelurahan,Alfie Qashwa,2020-09-04,Jawa Tengah,Banjarnegara,Banjarnegara,Tlagawera,,http://corona.banjarnegarakab.go.id/
2020-09-24,kelurahan,Alfie Qashwa,2020-09-04,Jawa Tengah,Banjarnegara,Banjarnegara,Wangon,,http://corona.banjarnegarakab.go.id/
2020-09-24,kelurahan,Alfie Qashwa,2020-09-04,Jawa Tengah,Banjarnegara,,Bakal,,http://corona.banjarnegarakab.go.id/
2020-09-24,kelurahan,Alfie Qashwa,2020-09-04,Jawa Tengah,Banjarnegara,,Batur,,http://corona.banjarnegarakab.go.id/
2020-09-24,kelurahan,Alfie Qashwa,2020-09-04,Jawa Tengah,Banjarnegara,,Dieng kulon,,http://corona.banjarnegarakab.go.id/
2020-09-24,kelurahan,Alfie Qashwa,2020-09-04,Jawa Tengah,Banjarnegara,,Kepakisan,,http://corona.banjarnegarakab.go.id/
2020-09-24,kelurahan,Alfie Qashwa,2020-09-04,Jawa Tengah,Banjarnegara,,Pasurenan,,http://corona.banjarnegarakab.go.id/
2020-09-24,kelurahan,Alfie Qashwa,2020-09-04,Jawa Tengah,Banjarnegara,,Pekasiran,,http://corona.banjarnegarakab.go.id/
2020-09-24,kelurahan,Alfie Qashwa,2020-09-04,Jawa Tengah,Banjarnegara,,Sumberejo,,http://corona.banjarnegarakab.go.id/
2020-09-24,kelurahan,Alfie Qashwa,2020-09-04,Jawa Tengah,Banjarnegara,,Bandingan,,http://corona.banjarnegarakab.go.id/
2020-09-24,kelurahan,Alfie Qashwa,2020-09-04,Jawa Tengah,Banjarnegara,,Bawang,,http://corona.banjarnegarakab.go.id/
2020-09-24,kelurahan,Alfie Qashwa,2020-09-04,Jawa Tengah,Banjarnegara,,Binorong,,http://corona.banjarnegarakab.go.id/
2020-09-24,kelurahan,Alfie Qashwa,2020-09-04,Jawa Tengah,Banjarnegara,,Blambangan,,http://corona.banjarnegarakab.go.id/
2020-09-24,kelurahan,Alfie Qashwa,2020-09-04,Jawa Tengah,Banjarnegara,,Depok,,http://corona.banjarnegarakab.go.id/
2020-09-24,kelurahan,Alfie Qashwa,2020-09-04,Jawa Tengah,Banjarnegara,,Gemuruh,,http://corona.banjarnegarakab.go.id/
2020-09-24,kelurahan,Alfie Qashwa,2020-09-04,Jawa Tengah,Banjarnegara,,Joho,,http://corona.banjarnegarakab.go.id/
2020-09-24,kelurahan,Alfie Qashwa,2020-09-04,Jawa Tengah,Banjarnegara,,Kebondalem,,http://corona.banjarnegarakab.go.id/
2020-09-24,kelurahan,Alfie Qashwa,2020-09-04,Jawa Tengah,Banjarnegara,,Kutayasa,,http://corona.banjarnegarakab.go.id/
2020-09-24,kelurahan,Alfie Qashwa,2020-09-04,Jawa Tengah,Banjarnegara,,Majalengka,,http://corona.banjarnegarakab.go.id/
2020-09-24,kelurahan,Alfie Qashwa,2020-09-04,Jawa Tengah,Banjarnegara,,Mantrianom,,http://corona.banjarnegarakab.go.id/
2020-09-24,kelurahan,Alfie Qashwa,2020-09-04,Jawa Tengah,Banjarnegara,,Masaran,,http://corona.banjarnegarakab.go.id/
2020-09-24,kelurahan,Alfie Qashwa,2020-09-04,Jawa Tengah,Banjarnegara,,Pucang,,http://corona.banjarnegarakab.go.id/
2020-09-24,kelurahan,Alfie Qashwa,2020-09-04,Jawa Tengah,Banjarnegara,,Serang,,http://corona.banjarnegarakab.go.id/
2020-09-24,kelurahan,Alfie Qashwa,2020-09-04,Jawa Tengah,Banjarnegara,,Wanadri,,http://corona.banjarnegarakab.go.id/
2020-09-24,kelurahan,Alfie Qashwa,2020-09-04,Jawa Tengah,Banjarnegara,,Watuurip,,http://corona.banjarnegarakab.go.id/
2020-09-24,kelurahan,Alfie Qashwa,2020-09-04,Jawa Tengah,Banjarnegara,,Winong,,http://corona.banjarnegarakab.go.id/
2020-09-24,kelurahan,Alfie Qashwa,2020-09-04,Jawa Tengah,Banjarnegara,,Wiramastra,,http://corona.banjarnegarakab.go.id/
2020-09-24,kelurahan,Alfie Qashwa,2020-09-04,Jawa Tengah,Banjarnegara,,Asinan,,http://corona.banjarnegarakab.go.id/
2020-09-24,kelurahan,Alfie Qashwa,2020-09-04,Jawa Tengah,Banjarnegara,,Bedana,,http://corona.banjarnegarakab.go.id/
2020-09-24,kelurahan,Alfie Qashwa,2020-09-04,Jawa Tengah,Banjarnegara,,Gununglangit,,http://corona.banjarnegarakab.go.id/
2020-09-24,kelurahan,Alfie Qashwa,2020-09-04,Jawa Tengah,Banjarnegara,,Kalibening,,http://corona.banjarnegarakab.go.id/
2020-09-24,kelurahan,Alfie Qashwa,2020-09-04,Jawa Tengah,Banjarnegara,,Kalibombong,,http://corona.banjarnegarakab.go.id/
2020-09-24,kelurahan,Alfie Qashwa,2020-09-04,Jawa Tengah,Banjarnegara,,Kalisat kidul,,http://corona.banjarnegarakab.go.id/
2020-09-24,kelurahan,Alfie Qashwa,2020-09-04,Jawa Tengah,Banjarnegara,,Karanganyar,,http://corona.banjarnegarakab.go.id/
2020-09-24,kelurahan,Alfie Qashwa,2020-09-04,Jawa Tengah,Banjarnegara,,Kasinoman,,http://corona.banjarnegarakab.go.id/
2020-09-24,kelurahan,Alfie Qashwa,2020-09-04,Jawa Tengah,Banjarnegara,,Kertasari,,http://corona.banjarnegarakab.go.id/
2020-09-24,kelurahan,Alfie Qashwa,2020-09-04,Jawa Tengah,Banjarnegara,,Majatengah,,http://corona.banjarnegarakab.go.id/
2020-09-24,kelurahan,Alfie Qashwa,2020-09-04,Jawa Tengah,Banjarnegara,,Plorengan,,http://corona.banjarnegarakab.go.id/
2020-09-24,kelurahan,Alfie Qashwa,2020-09-04,Jawa Tengah,Banjarnegara,,Sembawa,,http://corona.banjarnegarakab.go.id/
2020-09-24,kelurahan,Alfie Qashwa,2020-09-04,Jawa Tengah,Banjarnegara,,Sidakangen,,http://corona.banjarnegarakab.go.id/
2020-09-24,kelurahan,Alfie Qashwa,2020-09-04,Jawa Tengah,Banjarnegara,,Sidakumpul,,http://corona.banjarnegarakab.go.id/
2020-09-24,kelurahan,Alfie Qashwa,2020-09-04,Jawa Tengah,Banjarnegara,,Sirukem,,http://corona.banjarnegarakab.go.id/
2020-09-24,kelurahan,Alfie Qashwa,2020-09-04,Jawa Tengah,Banjarnegara,,Sirukun,,http://corona.banjarnegarakab.go.id/
2020-09-24,kelurahan,Alfie Qashwa,2020-09-04,Jawa Tengah,Banjarnegara,,Ambal,,http://corona.banjarnegarakab.go.id/
2020-09-24,kelurahan,Alfie Qashwa,2020-09-04,Jawa Tengah,Banjarnegara,,Binangun,,http://corona.banjarnegarakab.go.id/
2020-09-24,kelurahan,Alfie Qashwa,2020-09-04,Jawa Tengah,Banjarnegara,,Gumelar,,http://corona.banjarnegarakab.go.id/
2020-09-24,kelurahan,Alfie Qashwa,2020-09-04,Jawa Tengah,Banjarnegara,,Jlegong,,http://corona.banjarnegarakab.go.id/
2020-09-24,kelurahan,Alfie Qashwa,2020-09-04,Jawa Tengah,Banjarnegara,,Karanggondang,,http://corona.banjarnegarakab.go.id/
2020-09-24,kelurahan,Alfie Qashwa,2020-09-04,Jawa Tengah,Banjarnegara,,Karangkobar,,http://corona.banjarnegarakab.go.id/
2020-09-24,kelurahan,Alfie Qashwa,2020-09-04,Jawa Tengah,Banjarnegara,,Leksana,,http://corona.banjarnegarakab.go.id/
2020-09-24,kelurahan,Alfie Qashwa,2020-09-04,Jawa Tengah,Banjarnegara,,Pagerpelah,,http://corona.banjarnegarakab.go.id/
2020-09-24,kelurahan,Alfie Qashwa,2020-09-04,Jawa Tengah,Banjarnegara,,Paweden,,http://corona.banjarnegarakab.go.id/
2020-09-24,kelurahan,Alfie Qashwa,2020-09-04,Jawa Tengah,Banjarnegara,,Purwodadi,,http://corona.banjarnegarakab.go.id/
2020-09-24,kelurahan,Alfie Qashwa,2020-09-04,Jawa Tengah,Banjarnegara,,Sampang,,http://corona.banjarnegarakab.go.id/
2020-09-24,kelurahan,Alfie Qashwa,2020-09-04,Jawa Tengah,Banjarnegara,,Slatri,,http://corona.banjarnegarakab.go.id/
2020-09-24,kelurahan,Alfie Qashwa,2020-09-04,Jawa Tengah,Banjarnegara,,Bantarwaru,,http://corona.banjarnegarakab.go.id/
2020-09-24,kelurahan,Alfie Qashwa,2020-09-04,Jawa Tengah,Banjarnegara,,Blitar,,http://corona.banjarnegarakab.go.id/
2020-09-24,kelurahan,Alfie Qashwa,2020-09-04,Jawa Tengah,Banjarnegara,,Clapar,,http://corona.banjarnegarakab.go.id/
2020-09-24,kelurahan,Alfie Qashwa,2020-09-04,Jawa Tengah,Banjarnegara,,Dawuhan,,http://corona.banjarnegarakab.go.id/
2020-09-24,kelurahan,Alfie Qashwa,2020-09-04,Jawa Tengah,Banjarnegara,,Gununggiana,,http://corona.banjarnegarakab.go.id/
2020-09-24,kelurahan,Alfie Qashwa,2020-09-04,Jawa Tengah,Banjarnegara,,Kaliurip,,http://corona.banjarnegarakab.go.id/
2020-09-24,kelurahan,Alfie Qashwa,2020-09-04,Jawa Tengah,Banjarnegara,,Karanganyar,,http://corona.banjarnegarakab.go.id/
2020-09-24,kelurahan,Alfie Qashwa,2020-09-04,Jawa Tengah,Banjarnegara,,Kenteng,,http://corona.banjarnegarakab.go.id/
2020-09-24,kelurahan,Alfie Qashwa,2020-09-04,Jawa Tengah,Banjarnegara,,Limbangan,,http://corona.banjarnegarakab.go.id/
2020-09-24,kelurahan,Alfie Qashwa,2020-09-04,Jawa Tengah,Banjarnegara,,Madukara,,http://corona.banjarnegarakab.go.id/
2020-09-24,kelurahan,Alfie Qashwa,2020-09-04,Jawa Tengah,Banjarnegara,,Pagelak,,http://corona.banjarnegarakab.go.id/
2020-09-24,kelurahan,Alfie Qashwa,2020-09-04,Jawa Tengah,Banjarnegara,,Pakelen,,http://corona.banjarnegarakab.go.id/
2020-09-24,kelurahan,Alfie Qashwa,2020-09-04,Jawa Tengah,Banjarnegara,,Pekauman,,http://corona.banjarnegarakab.go.id/
2020-09-24,kelurahan,Alfie Qashwa,2020-09-04,Jawa Tengah,Banjarnegara,,Penawangan,,http://corona.banjarnegarakab.go.id/
2020-09-24,kelurahan,Alfie Qashwa,2020-09-04,Jawa Tengah,Banjarnegara,,Petambakan,,http://corona.banjarnegarakab.go.id/
2020-09-24,kelurahan,Alfie Qashwa,2020-09-04,Jawa Tengah,Banjarnegara,,Rakitan,,http://corona.banjarnegarakab.go.id/
2020-09-24,kelurahan,Alfie Qashwa,2020-09-04,Jawa Tengah,Banjarnegara,,Rejasa,,http://corona.banjarnegarakab.go.id/
2020-09-24,kelurahan,Alfie Qashwa,2020-09-04,Jawa Tengah,Banjarnegara,,Sered,,http://corona.banjarnegarakab.go.id/
2020-09-24,kelurahan,Alfie Qashwa,2020-09-04,Jawa Tengah,Banjarnegara,,Talunamba,,http://corona.banjarnegarakab.go.id/
2020-09-24,kelurahan,Alfie Qashwa,2020-09-04,Jawa Tengah,Banjarnegara,,Banjengan,,http://corona.banjarnegarakab.go.id/
2020-09-24,kelurahan,Alfie Qashwa,2020-09-04,Jawa Tengah,Banjarnegara,,Blimbing,,http://corona.banjarnegarakab.go.id/
2020-09-24,kelurahan,Alfie Qashwa,2020-09-04,Jawa Tengah,Banjarnegara,,Candiwulan,,http://corona.banjarnegarakab.go.id/
2020-09-24,kelurahan,Alfie Qashwa,2020-09-04,Jawa Tengah,Banjarnegara,,Glempang,,http://corona.banjarnegarakab.go.id/
2020-09-24,kelurahan,Alfie Qashwa,2020-09-04,Jawa Tengah,Banjarnegara,,Jalatunda,,http://corona.banjarnegarakab.go.id/
2020-09-24,kelurahan,Alfie Qashwa,2020-09-04,Jawa Tengah,Banjarnegara,,Kaliwungu,,http://corona.banjarnegarakab.go.id/
2020-09-24,kelurahan,Alfie Qashwa,2020-09-04,Jawa Tengah,Banjarnegara,,Kebakalan,,http://corona.banjarnegarakab.go.id/
2020-09-24,kelurahan,Alfie Qashwa,2020-09-04,Jawa Tengah,Banjarnegara,,Kebanaran,,http://corona.banjarnegarakab.go.id/
2020-09-24,kelurahan,Alfie Qashwa,2020-09-04,Jawa Tengah,Banjarnegara,,Kertayasa,,http://corona.banjarnegarakab.go.id/
2020-09-24,kelurahan,Alfie Qashwa,2020-09-04,Jawa Tengah,Banjarnegara,,Mandiraja kulon,,http://corona.banjarnegarakab.go.id/
2020-09-24,kelurahan,Alfie Qashwa,2020-09-04,Jawa Tengah,Banjarnegara,,Mandiraja wetan,,http://corona.banjarnegarakab.go.id/
2020-09-24,kelurahan,Alfie Qashwa,2020-09-04,Jawa Tengah,Banjarnegara,,Panggisari,,http://corona.banjarnegarakab.go.id/
2020-09-24,kelurahan,Alfie Qashwa,2020-09-04,Jawa Tengah,Banjarnegara,,Purwasaba,,http://corona.banjarnegarakab.go.id/
2020-09-24,kelurahan,Alfie Qashwa,2020-09-04,Jawa Tengah,Banjarnegara,,Salamerta,,http://corona.banjarnegarakab.go.id/
2020-09-24,kelurahan,Alfie Qashwa,2020-09-04,Jawa Tengah,Banjarnegara,,Simbang,,http://corona.banjarnegarakab.go.id/
2020-09-24,kelurahan,Alfie Qashwa,2020-09-04,Jawa Tengah,Banjarnegara,,Somawangi,,http://corona.banjarnegarakab.go.id/
2020-09-24,kelurahan,Alfie Qashwa,2020-09-04,Jawa Tengah,Banjarnegara,,Duren,,http://corona.banjarnegarakab.go.id/
2020-09-24,kelurahan,Alfie Qashwa,2020-09-04,Jawa Tengah,Banjarnegara,,Gentansari,,http://corona.banjarnegarakab.go.id/
2020-09-24,kelurahan,Alfie Qashwa,2020-09-04,Jawa Tengah,Banjarnegara,,Gunungjati,,http://corona.banjarnegarakab.go.id/
2020-09-24,kelurahan,Alfie Qashwa,2020-09-04,Jawa Tengah,Banjarnegara,,Kebutuhduwur,,http://corona.banjarnegarakab.go.id/
2020-09-24,kelurahan,Alfie Qashwa,2020-09-04,Jawa Tengah,Banjarnegara,,Kebutuhjurang,,http://corona.banjarnegarakab.go.id/
2020-09-24,kelurahan,Alfie Qashwa,2020-09-04,Jawa Tengah,Banjarnegara,,Lebakwangi,,http://corona.banjarnegarakab.go.id/
2020-09-24,kelurahan,Alfie Qashwa,2020-09-04,Jawa Tengah,Banjarnegara,,Pagedongan,,http://corona.banjarnegarakab.go.id/
2020-09-24,kelurahan,Alfie Qashwa,2020-09-04,Jawa Tengah,Banjarnegara,,Pesangkalan,,http://corona.banjarnegarakab.go.id/
2020-09-24,kelurahan,Alfie Qashwa,2020-09-04,Jawa Tengah,Banjarnegara,,Twelagiri,,http://corona.banjarnegarakab.go.id/
2020-09-24,kelurahan,Alfie Qashwa,2020-09-04,Jawa Tengah,Banjarnegara,,Aribaya,,http://corona.banjarnegarakab.go.id/
2020-09-24,kelurahan,Alfie Qashwa,2020-09-04,Jawa Tengah,Banjarnegara,,Babadan,,http://corona.banjarnegarakab.go.id/
2020-09-24,kelurahan,Alfie Qashwa,2020-09-04,Jawa Tengah,Banjarnegara,,Bantar,,http://corona.banjarnegarakab.go.id/
2020-09-24,kelurahan,Alfie Qashwa,2020-09-04,Jawa Tengah,Banjarnegara,,Gumingsir,,http://corona.banjarnegarakab.go.id/
2020-09-24,kelurahan,Alfie Qashwa,2020-09-04,Jawa Tengah,Banjarnegara,,Kalitlaga,,http://corona.banjarnegarakab.go.id/
2020-09-24,kelurahan,Alfie Qashwa,2020-09-04,Jawa Tengah,Banjarnegara,,Karangnangka,,http://corona.banjarnegarakab.go.id/
2020-09-24,kelurahan,Alfie Qashwa,2020-09-04,Jawa Tengah,Banjarnegara,,Karekan,,http://corona.banjarnegarakab.go.id/
2020-09-24,kelurahan,Alfie Qashwa,2020-09-04,Jawa Tengah,Banjarnegara,,Kasmaran,,http://corona.banjarnegarakab.go.id/
2020-09-24,kelurahan,Alfie Qashwa,2020-09-04,Jawa Tengah,Banjarnegara,,Kayuares,,http://corona.banjarnegarakab.go.id/
2020-09-24,kelurahan,Alfie Qashwa,2020-09-04,Jawa Tengah,Banjarnegara,,Larangan,,http://corona.banjarnegarakab.go.id/
2020-09-24,kelurahan,Alfie Qashwa,2020-09-04,Jawa Tengah,Banjarnegara,,Majasari,,http://corona.banjarnegarakab.go.id/
2020-09-24,kelurahan,Alfie Qashwa,2020-09-04,Jawa Tengah,Banjarnegara,,Metawana,,http://corona.banjarnegarakab.go.id/
2020-09-24,kelurahan,Alfie Qashwa,2020-09-04,Jawa Tengah,Banjarnegara,,Nagasari,,http://corona.banjarnegarakab.go.id/
2020-09-24,kelurahan,Alfie Qashwa,2020-09-04,Jawa Tengah,Banjarnegara,,Pagentan,,http://corona.banjarnegarakab.go.id/
2020-09-24,kelurahan,Alfie Qashwa,2020-09-04,Jawa Tengah,Banjarnegara,,Plumbungan,,http://corona.banjarnegarakab.go.id/
2020-09-24,kelurahan,Alfie Qashwa,2020-09-04,Jawa Tengah,Banjarnegara,,Sokaraja,,http://corona.banjarnegarakab.go.id/
2020-09-24,kelurahan,Alfie Qashwa,2020-09-04,Jawa Tengah,Banjarnegara,,Tegaljeruk,,http://corona.banjarnegarakab.go.id/
2020-09-24,kelurahan,Alfie Qashwa,2020-09-04,Jawa Tengah,Banjarnegara,Banjarmangu,Beji,,http://corona.banjarnegarakab.go.id/
2020-09-24,kelurahan,Alfie Qashwa,2020-09-04,Jawa Tengah,Banjarnegara,,Lawen,,http://corona.banjarnegarakab.go.id/
2020-09-24,kelurahan,Alfie Qashwa,2020-09-04,Jawa Tengah,Banjarnegara,,Pandanarum,,http://corona.banjarnegarakab.go.id/
2020-09-24,kelurahan,Alfie Qashwa,2020-09-04,Jawa Tengah,Banjarnegara,,Pasegeran,,http://corona.banjarnegarakab.go.id/
2020-09-24,kelurahan,Alfie Qashwa,2020-09-04,Jawa Tengah,Banjarnegara,,Pingit lor,,http://corona.banjarnegarakab.go.id/
2020-09-24,kelurahan,Alfie Qashwa,2020-09-04,Jawa Tengah,Banjarnegara,,Pringamba,,http://corona.banjarnegarakab.go.id/
2020-09-24,kelurahan,Alfie Qashwa,2020-09-04,Jawa Tengah,Banjarnegara,,Sinduaji,,http://corona.banjarnegarakab.go.id/
2020-09-24,kelurahan,Alfie Qashwa,2020-09-04,Jawa Tengah,Banjarnegara,,Biting,,http://corona.banjarnegarakab.go.id/
2020-09-24,kelurahan,Alfie Qashwa,2020-09-04,Jawa Tengah,Banjarnegara,,Condongcampur,,http://corona.banjarnegarakab.go.id/
2020-09-24,kelurahan,Alfie Qashwa,2020-09-04,Jawa Tengah,Banjarnegara,,Darmayasa,,http://corona.banjarnegarakab.go.id/
2020-09-24,kelurahan,Alfie Qashwa,2020-09-04,Jawa Tengah,Banjarnegara,,Gembol,,http://corona.banjarnegarakab.go.id/
2020-09-24,kelurahan,Alfie Qashwa,2020-09-04,Jawa Tengah,Banjarnegara,,Giritirta,,http://corona.banjarnegarakab.go.id/
2020-09-24,kelurahan,Alfie Qashwa,2020-09-04,Jawa Tengah,Banjarnegara,,Grogol,,http://corona.banjarnegarakab.go.id/
2020-09-24,kelurahan,Alfie Qashwa,2020-09-04,Jawa Tengah,Banjarnegara,,Karangsari,,http://corona.banjarnegarakab.go.id/
2020-09-24,kelurahan,Alfie Qashwa,2020-09-04,Jawa Tengah,Banjarnegara,,Pegundungan,,http://corona.banjarnegarakab.go.id/
2020-09-24,kelurahan,Alfie Qashwa,2020-09-04,Jawa Tengah,Banjarnegara,,Pejawaran,,http://corona.banjarnegarakab.go.id/
2020-09-24,kelurahan,Alfie Qashwa,2020-09-04,Jawa Tengah,Banjarnegara,,Penusupan,,http://corona.banjarnegarakab.go.id/
2020-09-24,kelurahan,Alfie Qashwa,2020-09-04,Jawa Tengah,Banjarnegara,,Ratamba,,http://corona.banjarnegarakab.go.id/
2020-09-24,kelurahan,Alfie Qashwa,2020-09-04,Jawa Tengah,Banjarnegara,,Sarwodadi,,http://corona.banjarnegarakab.go.id/
2020-09-24,kelurahan,Alfie Qashwa,2020-09-04,Jawa Tengah,Banjarnegara,,Semangkung,,http://corona.banjarnegarakab.go.id/
2020-09-24,kelurahan,Alfie Qashwa,2020-09-04,Jawa Tengah,Banjarnegara,,Sidengok,,http://corona.banjarnegarakab.go.id/
2020-09-24,kelurahan,Alfie Qashwa,2020-09-04,Jawa Tengah,Banjarnegara,,Sirongge,,http://corona.banjarnegarakab.go.id/
2020-09-24,kelurahan,Alfie Qashwa,2020-09-04,Jawa Tengah,Banjarnegara,,Tlahab,,http://corona.banjarnegarakab.go.id/
2020-09-24,kelurahan,Alfie Qashwa,2020-09-04,Jawa Tengah,Banjarnegara,,Badakarya,,http://corona.banjarnegarakab.go.id/
2020-09-24,kelurahan,Alfie Qashwa,2020-09-04,Jawa Tengah,Banjarnegara,,Bondolharjo,,http://corona.banjarnegarakab.go.id/
2020-09-24,kelurahan,Alfie Qashwa,2020-09-04,Jawa Tengah,Banjarnegara,,Danakerta,,http://corona.banjarnegarakab.go.id/
2020-09-24,kelurahan,Alfie Qashwa,2020-09-04,Jawa Tengah,Banjarnegara,,Jembangan,,http://corona.banjarnegarakab.go.id/
2020-09-24,kelurahan,Alfie Qashwa,2020-09-04,Jawa Tengah,Banjarnegara,,Karangsari,,http://corona.banjarnegarakab.go.id/
2020-09-24,kelurahan,Alfie Qashwa,2020-09-04,Jawa Tengah,Banjarnegara,,Kecepit,,http://corona.banjarnegarakab.go.id/
2020-09-24,kelurahan,Alfie Qashwa,2020-09-04,Jawa Tengah,Banjarnegara,,Klapa,,http://corona.banjarnegarakab.go.id/
2020-09-24,kelurahan,Alfie Qashwa,2020-09-04,Jawa Tengah,Banjarnegara,,Mlaya,,http://corona.banjarnegarakab.go.id/
2020-09-24,kelurahan,Alfie Qashwa,2020-09-04,Jawa Tengah,Banjarnegara,,Pasuruhan,,http://corona.banjarnegarakab.go.id/
2020-09-24,kelurahan,Alfie Qashwa,2020-09-04,Jawa Tengah,Banjarnegara,,Petuguran,,http://corona.banjarnegarakab.go.id/
2020-09-24,kelurahan,Alfie Qashwa,2020-09-04,Jawa Tengah,Banjarnegara,,Punggelan,,http://corona.banjarnegarakab.go.id/
2020-09-24,kelurahan,Alfie Qashwa,2020-09-04,Jawa Tengah,Banjarnegara,,Purwasana,,http://corona.banjarnegarakab.go.id/
2020-09-24,kelurahan,Alfie Qashwa,2020-09-04,Jawa Tengah,Banjarnegara,,Sambong,,http://corona.banjarnegarakab.go.id/
2020-09-24,kelurahan,Alfie Qashwa,2020-09-04,Jawa Tengah,Banjarnegara,,Sawangan,,http://corona.banjarnegarakab.go.id/
2020-09-24,kelurahan,Alfie Qashwa,2020-09-04,Jawa Tengah,Banjarnegara,,Sidarata,,http://corona.banjarnegarakab.go.id/
2020-09-24,kelurahan,Alfie Qashwa,2020-09-04,Jawa Tengah,Banjarnegara,,Tanjungtirta,,http://corona.banjarnegarakab.go.id/
2020-09-24,kelurahan,Alfie Qashwa,2020-09-04,Jawa Tengah,Banjarnegara,,Tlaga,,http://corona.banjarnegarakab.go.id/
2020-09-24,kelurahan,Alfie Qashwa,2020-09-04,Jawa Tengah,Banjarnegara,,Tribuana,,http://corona.banjarnegarakab.go.id/
2020-09-24,kelurahan,Alfie Qashwa,2020-09-04,Jawa Tengah,Banjarnegara,,Wonosari,,http://corona.banjarnegarakab.go.id/
2020-09-24,kelurahan,Alfie Qashwa,2020-09-04,Jawa Tengah,Banjarnegara,,Danaraja,,http://corona.banjarnegarakab.go.id/
2020-09-24,kelurahan,Alfie Qashwa,2020-09-04,Jawa Tengah,Banjarnegara,,Gumiwang,,http://corona.banjarnegarakab.go.id/
2020-09-24,kelurahan,Alfie Qashwa,2020-09-04,Jawa Tengah,Banjarnegara,,Kaliajir,,http://corona.banjarnegarakab.go.id/
2020-09-24,kelurahan,Alfie Qashwa,2020-09-04,Jawa Tengah,Banjarnegara,,Kalipelus,,http://corona.banjarnegarakab.go.id/
2020-09-24,kelurahan,Alfie Qashwa,2020-09-04,Jawa Tengah,Banjarnegara,,Kalitengah,,http://corona.banjarnegarakab.go.id/
2020-09-24,kelurahan,Alfie Qashwa,2020-09-04,Jawa Tengah,Banjarnegara,,Karanganyar,,http://corona.banjarnegarakab.go.id/
2020-09-24,kelurahan,Alfie Qashwa,2020-09-04,Jawa Tengah,Banjarnegara,,Kutawuluh,,http://corona.banjarnegarakab.go.id/
2020-09-24,kelurahan,Alfie Qashwa,2020-09-04,Jawa Tengah,Banjarnegara,,Merden,,http://corona.banjarnegarakab.go.id/
2020-09-24,kelurahan,Alfie Qashwa,2020-09-04,Jawa Tengah,Banjarnegara,,Mertasari,,http://corona.banjarnegarakab.go.id/
2020-09-24,kelurahan,Alfie Qashwa,2020-09-04,Jawa Tengah,Banjarnegara,,Parakan,,http://corona.banjarnegarakab.go.id/
2020-09-24,kelurahan,Alfie Qashwa,2020-09-04,Jawa Tengah,Banjarnegara,,Petir,,http://corona.banjarnegarakab.go.id/
2020-09-24,kelurahan,Alfie Qashwa,2020-09-04,Jawa Tengah,Banjarnegara,,Pucungbedug,,http://corona.banjarnegarakab.go.id/
2020-09-24,kelurahan,Alfie Qashwa,2020-09-04,Jawa Tengah,Banjarnegara,,Purwanegara,,http://corona.banjarnegarakab.go.id/
2020-09-24,kelurahan,Alfie Qashwa,2020-09-04,Jawa Tengah,Banjarnegara,,Kalilandak,,http://corona.banjarnegarakab.go.id/
2020-09-24,kelurahan,Alfie Qashwa,2020-09-04,Jawa Tengah,Banjarnegara,,Kalimandi,,http://corona.banjarnegarakab.go.id/
2020-09-24,kelurahan,Alfie Qashwa,2020-09-04,Jawa Tengah,Banjarnegara,,Kaliwinasuh,,http://corona.banjarnegarakab.go.id/
2020-09-24,kelurahan,Alfie Qashwa,2020-09-04,Jawa Tengah,Banjarnegara,,Kecitran,,http://corona.banjarnegarakab.go.id/
2020-09-24,kelurahan,Alfie Qashwa,2020-09-04,Jawa Tengah,Banjarnegara,,Klampok,,http://corona.banjarnegarakab.go.id/
2020-09-24,kelurahan,Alfie Qashwa,2020-09-04,Jawa Tengah,Banjarnegara,,Pagak,,http://corona.banjarnegarakab.go.id/
2020-09-24,kelurahan,Alfie Qashwa,2020-09-04,Jawa Tengah,Banjarnegara,,Purwareja,,http://corona.banjarnegarakab.go.id/
2020-09-24,kelurahan,Alfie Qashwa,2020-09-04,Jawa Tengah,Banjarnegara,,Sirkandi,,http://corona.banjarnegarakab.go.id/
2020-09-24,kelurahan,Alfie Qashwa,2020-09-04,Jawa Tengah,Banjarnegara,,Adipasir,,http://corona.banjarnegarakab.go.id/
2020-09-24,kelurahan,Alfie Qashwa,2020-09-04,Jawa Tengah,Banjarnegara,,Badamita,,http://corona.banjarnegarakab.go.id/
2020-09-24,kelurahan,Alfie Qashwa,2020-09-04,Jawa Tengah,Banjarnegara,,Bandingan,,http://corona.banjarnegarakab.go.id/
2020-09-24,kelurahan,Alfie Qashwa,2020-09-04,Jawa Tengah,Banjarnegara,,Gelang,,http://corona.banjarnegarakab.go.id/
2020-09-24,kelurahan,Alfie Qashwa,2020-09-04,Jawa Tengah,Banjarnegara,,Gumelem wetan,,http://corona.banjarnegarakab.go.id/
2020-09-24,kelurahan,Alfie Qashwa,2020-09-04,Jawa Tengah,Banjarnegara,,Kincang,,http://corona.banjarnegarakab.go.id/
2020-09-24,kelurahan,Alfie Qashwa,2020-09-04,Jawa Tengah,Banjarnegara,,Lengkong,,http://corona.banjarnegarakab.go.id/
2020-09-24,kelurahan,Alfie Qashwa,2020-09-04,Jawa Tengah,Banjarnegara,,Luwung,,http://corona.banjarnegarakab.go.id/
2020-09-24,kelurahan,Alfie Qashwa,2020-09-04,Jawa Tengah,Banjarnegara,,Pingit,,http://corona.banjarnegarakab.go.id/
2020-09-24,kelurahan,Alfie Qashwa,2020-09-04,Jawa Tengah,Banjarnegara,,Rakit,,http://corona.banjarnegarakab.go.id/
2020-09-24,kelurahan,Alfie Qashwa,2020-09-04,Jawa Tengah,Banjarnegara,,Situwangi,,http://corona.banjarnegarakab.go.id/
2020-09-24,kelurahan,Alfie Qashwa,2020-09-04,Jawa Tengah,Banjarnegara,,Tanjunganom,,http://corona.banjarnegarakab.go.id/
2020-09-24,kelurahan,Alfie Qashwa,2020-09-04,Jawa Tengah,Banjarnegara,,Bandingan,,http://corona.banjarnegarakab.go.id/
2020-09-24,kelurahan,Alfie Qashwa,2020-09-04,Jawa Tengah,Banjarnegara,,Bojanegara,,http://corona.banjarnegarakab.go.id/
2020-09-24,kelurahan,Alfie Qashwa,2020-09-04,Jawa Tengah,Banjarnegara,,Gembongan,,http://corona.banjarnegarakab.go.id/
2020-09-24,kelurahan,Alfie Qashwa,2020-09-04,Jawa Tengah,Banjarnegara,,Kalibenda,,http://corona.banjarnegarakab.go.id/
2020-09-24,kelurahan,Alfie Qashwa,2020-09-04,Jawa Tengah,Banjarnegara,,Karangmangu,,http://corona.banjarnegarakab.go.id/
2020-09-24,kelurahan,Alfie Qashwa,2020-09-04,Jawa Tengah,Banjarnegara,,Kemiri,,http://corona.banjarnegarakab.go.id/
2020-09-24,kelurahan,Alfie Qashwa,2020-09-04,Jawa Tengah,Banjarnegara,,Panawaren,,http://corona.banjarnegarakab.go.id/
2020-09-24,kelurahan,Alfie Qashwa,2020-09-04,Jawa Tengah,Banjarnegara,,Prigi,,http://corona.banjarnegarakab.go.id/
2020-09-24,kelurahan,Alfie Qashwa,2020-09-04,Jawa Tengah,Banjarnegara,,Randegan,,http://corona.banjarnegarakab.go.id/
2020-09-24,kelurahan,Alfie Qashwa,2020-09-04,Jawa Tengah,Banjarnegara,,Sawal,,http://corona.banjarnegarakab.go.id/
2020-09-24,kelurahan,Alfie Qashwa,2020-09-04,Jawa Tengah,Banjarnegara,,Sigaluh,,http://corona.banjarnegarakab.go.id/
2020-09-24,kelurahan,Alfie Qashwa,2020-09-04,Jawa Tengah,Banjarnegara,,Singamerta,,http://corona.banjarnegarakab.go.id/
2020-09-24,kelurahan,Alfie Qashwa,2020-09-04,Jawa Tengah,Banjarnegara,,Tunggara,,http://corona.banjarnegarakab.go.id/
2020-09-24,kelurahan,Alfie Qashwa,2020-09-04,Jawa Tengah,Banjarnegara,,Berta,,http://corona.banjarnegarakab.go.id/
2020-09-24,kelurahan,Alfie Qashwa,2020-09-04,Jawa Tengah,Banjarnegara,,Brengkok,,http://corona.banjarnegarakab.go.id/
2020-09-24,kelurahan,Alfie Qashwa,2020-09-04,Jawa Tengah,Banjarnegara,,Derik,,http://corona.banjarnegarakab.go.id/
2020-09-24,kelurahan,Alfie Qashwa,2020-09-04,Jawa Tengah,Banjarnegara,,Dermasari,,http://corona.banjarnegarakab.go.id/
2020-09-24,kelurahan,Alfie Qashwa,2020-09-04,Jawa Tengah,Banjarnegara,,Gumelem kulon,,http://corona.banjarnegarakab.go.id/
2020-09-24,kelurahan,Alfie Qashwa,2020-09-04,Jawa Tengah,Banjarnegara,,Gumelem wetan,,http://corona.banjarnegarakab.go.id/
2020-09-24,kelurahan,Alfie Qashwa,2020-09-04,Jawa Tengah,Banjarnegara,,Karangjati,,http://corona.banjarnegarakab.go.id/
2020-09-24,kelurahan,Alfie Qashwa,2020-09-04,Jawa Tengah,Banjarnegara,,Karangsalam,,http://corona.banjarnegarakab.go.id/
2020-09-24,kelurahan,Alfie Qashwa,2020-09-04,Jawa Tengah,Banjarnegara,,Kedawung,,http://corona.banjarnegarakab.go.id/
2020-09-24,kelurahan,Alfie Qashwa,2020-09-04,Jawa Tengah,Banjarnegara,,Kemranggon,,http://corona.banjarnegarakab.go.id/
2020-09-24,kelurahan,Alfie Qashwa,2020-09-04,Jawa Tengah,Banjarnegara,,Panerusan kulon,,http://corona.banjarnegarakab.go.id/
2020-09-24,kelurahan,Alfie Qashwa,2020-09-04,Jawa Tengah,Banjarnegara,,Panerusan wetan,,http://corona.banjarnegarakab.go.id/
2020-09-24,kelurahan,Alfie Qashwa,2020-09-04,Jawa Tengah,Banjarnegara,,Pekikiran,,http://corona.banjarnegarakab.go.id/
2020-09-24,kelurahan,Alfie Qashwa,2020-09-04,Jawa Tengah,Banjarnegara,,Piasa wetan,,http://corona.banjarnegarakab.go.id/
2020-09-24,kelurahan,Alfie Qashwa,2020-09-04,Jawa Tengah,Banjarnegara,,Susukan,,http://corona.banjarnegarakab.go.id/
2020-09-24,kelurahan,Alfie Qashwa,2020-09-04,Jawa Tengah,Banjarnegara,,Gumingsir,,http://corona.banjarnegarakab.go.id/
2020-09-24,kelurahan,Alfie Qashwa,2020-09-04,Jawa Tengah,Banjarnegara,,Kandangwangi,,http://corona.banjarnegarakab.go.id/
2020-09-24,kelurahan,Alfie Qashwa,2020-09-04,Jawa Tengah,Banjarnegara,,Karangjambe,,http://corona.banjarnegarakab.go.id/
2020-09-24,kelurahan,Alfie Qashwa,2020-09-04,Jawa Tengah,Banjarnegara,,Karangkemiri,,http://corona.banjarnegarakab.go.id/
2020-09-24,kelurahan,Alfie Qashwa,2020-09-04,Jawa Tengah,Banjarnegara,,Kasilib,,http://corona.banjarnegarakab.go.id/
2020-09-24,kelurahan,Alfie Qashwa,2020-09-04,Jawa Tengah,Banjarnegara,,Lemahjaya,,http://corona.banjarnegarakab.go.id/
2020-09-24,kelurahan,Alfie Qashwa,2020-09-04,Jawa Tengah,Banjarnegara,,Linggasari,,http://corona.banjarnegarakab.go.id/
2020-09-24,kelurahan,Alfie Qashwa,2020-09-04,Jawa Tengah,Banjarnegara,,Medayu,,http://corona.banjarnegarakab.go.id/
2020-09-24,kelurahan,Alfie Qashwa,2020-09-04,Jawa Tengah,Banjarnegara,,Tapen,,http://corona.banjarnegarakab.go.id/
2020-09-24,kelurahan,Alfie Qashwa,2020-09-04,Jawa Tengah,Banjarnegara,,Wanadadi,,http://corona.banjarnegarakab.go.id/
2020-09-24,kelurahan,Alfie Qashwa,2020-09-04,Jawa Tengah,Banjarnegara,,Wanakarsa,,http://corona.banjarnegarakab.go.id/
2020-09-24,kelurahan,Alfie Qashwa,2020-09-04,Jawa Tengah,Banjarnegara,,Balun,,http://corona.banjarnegarakab.go.id/
2020-09-24,kelurahan,Alfie Qashwa,2020-09-04,Jawa Tengah,Banjarnegara,,Jatilawang,,http://corona.banjarnegarakab.go.id/
2020-09-24,kelurahan,Alfie Qashwa,2020-09-04,Jawa Tengah,Banjarnegara,,Kubang,,http://corona.banjarnegarakab.go.id/
2020-09-24,kelurahan,Alfie Qashwa,2020-09-04,Jawa Tengah,Banjarnegara,,Pagergunung,,http://corona.banjarnegarakab.go.id/
2020-09-24,kelurahan,Alfie Qashwa,2020-09-04,Jawa Tengah,Banjarnegara,,Pandansari,,http://corona.banjarnegarakab.go.id/
2020-09-24,kelurahan,Alfie Qashwa,2020-09-04,Jawa Tengah,Banjarnegara,,Pesantren,,http://corona.banjarnegarakab.go.id/
2020-09-24,kelurahan,Alfie Qashwa,2020-09-04,Jawa Tengah,Banjarnegara,,Suwidak,,http://corona.banjarnegarakab.go.id/
2020-09-24,kelurahan,Alfie Qashwa,2020-09-04,Jawa Tengah,Banjarnegara,,Tempuran,,http://corona.banjarnegarakab.go.id/
2020-09-24,kelurahan,Alfie Qashwa,2020-09-04,Jawa Tengah,Banjarnegara,,Wanaraja,,http://corona.banjarnegarakab.go.id/
2020-09-24,kelurahan,Alfie Qashwa,2020-09-04,Jawa Tengah,Banjarnegara,,Wanayasa,,http://corona.banjarnegarakab.go.id/
